ticker,data_date,next_year_forward_pe,five_year_percentile,five_year_median_pe,source_url,retrieved_at,quality
2330,2026-10-02,17.6,0.77,16.0,https://toalpha.tw/stock/2330/valuation,2026-10-02,HIGH
2327,2026-10-02,19.9,1.00,11.8,https://toalpha.tw/stock/2327/valuation,2026-10-02,HIGH
2344,2026-09-30,3.5,0.03,10.7,https://toalpha.tw/stock/2344/valuation,2026-10-02,HIGH
2376,2026-10-02,10.5,0.15,14.5,https://toalpha.tw/stock/2376/valuation,2026-10-02,HIGH
2454,2026-10-02,35.0,1.00,14.7,https://toalpha.tw/stock/2454/valuation,2026-10-02,HIGH
3037,2026-10-02,33.6,0.69,18.6,https://toalpha.tw/stock/3037/valuation,2026-10-02,HIGH
6488,2026-10-01,33.2,0.85,19.4,https://toalpha.tw/stock/6488/valuation,2026-10-02,HIGH
2408,2026-10-01,5.6,0.29,10.0,https://toalpha.tw/stock/2408/valuation,2026-10-02,HIGH
2303,2026-10-02,23.6,1.00,10.6,https://toalpha.tw/stock/2303/valuation,2026-10-02,HIGH
3363,2026-10-01,37.9,0.55,37.8,https://toalpha.tw/stock/3363/valuation,2026-10-02,HIGH
3081,2026-10-02,70.7,0.44,81.8,https://toalpha.tw/stock/3081/valuation,2026-10-02,HIGH
3711,2026-10-02,25.7,1.00,14.3,https://toalpha.tw/stock/3711/valuation,2026-10-02,HIGH
2308,2026-10-02,29.5,0.98,22.6,https://toalpha.tw/stock/2308/valuation,2026-10-02,HIGH
2379,2026-10-01,20.3,0.88,16.9,https://toalpha.tw/stock/2379/valuation,2026-10-02,HIGH
