event_date,ticker,event_type,description,source_url,source_family,source_tier,impact_direction,affected_bottleneck,published_at,available_at,retrieved_at,evidence_status
2026-07-16,2330,CAPEX_UP,台積電因AI與先進製程結構性需求上調2026資本預算,https://investor.tsmc.com/schinese/encrypt/files/encrypt_file/reports/2026-07/547d1696765e05ce3adb81c108ce1c8c1682b80c/TSMC%202Q26%20Transcript.pdf,tsmc_ir,1,UP,Compute / Advanced Packaging,2026-07-16,2026-07-16,2026-10-02,VERIFIED
2026-04-30,2330,CAPACITY_TIGHTNESS,獨立產業研究確認3奈米與先進封裝受AI需求推升而供給吃緊,https://www.trendforce.com/presscenter/news/20260430-13028.html,trendforce_research,2,UP,Compute / Advanced Packaging,2026-04-30,2026-04-30,2026-10-02,VERIFIED
2026-05-15,2376,GUIDANCE_UP,技嘉官方簡報表示AI運算需求強且2026營收可望續創高,https://www.gigabyte.com/FileUpload/TW/SiteMap/83/images/2026Q1-0515.en.pdf,gigabyte_ir,1,UP,AI Server / Rack,2026-05-15,2026-05-15,2026-10-02,VERIFIED
2026-09-25,2376,GUIDANCE_UP,獨立券商報告摘要預期AI伺服器機櫃出貨推動下半年營收加速,https://www.xxquant.com/en/institution/institutional-research/63fc05022b4f6cf9d73e160779b31d86,goldman_research_relay,2,UP,AI Server / Rack,2026-09-25,2026-09-25,2026-10-02,VERIFIED
2026-02-04,2454,GUIDANCE_UP,聯發科官方法說預期2026資料中心ASIC營收超過10億美元且2027達數十億美元,https://www.mediatek.com/hubfs/MediaTek%20Assets/Pdfs/Quarterly%20Earnings%20Release/2025/Quarterly%20Earnings%20Release-2025Q4/%E8%AF%B4%E6%98%8E%E4%BC%9A%E9%80%90%E5%AD%97%E7%A8%BF.pdf?hsLang=zh-cn,mediatek_ir,1,UP,Compute / Custom ASIC,2026-02-04,2026-02-04,2026-10-02,VERIFIED
2026-08-26,2454,MASS_PRODUCTION,S&P研究指出首款客製AI加速器預計2026第四季量產且2027營收顯著放大,https://www.spglobal.com/market-intelligence/en/news-insights/research/2026/08/mediatek-s-ai-asics-growth-to-offset-smartphone-weakness,sp_global_research,2,UP,Compute / Custom ASIC,2026-08-26,2026-08-26,2026-10-02,VERIFIED
2026-07-14,2303,MASS_PRODUCTION,聯電官方宣布1.6T矽光子晶圓由開發進入量產並支援AI資料中心光互連,https://www.umc.com/zh-TW/News/press_release/Content/technology_related/20260714,umc_ir,1,UP,Wafer / Optical,2026-07-14,2026-07-14,2026-10-02,VERIFIED
2026-06-30,2303,CAPACITY_TIGHTNESS,獨立產業研究確認AI電源與光通訊元件推升成熟製程需求及價格,https://www.trendforce.com/presscenter/news/20260630-13127.html,trendforce_research,2,UP,Wafer / Foundry,2026-06-30,2026-06-30,2026-10-02,VERIFIED
2026-05-08,2327,GUIDANCE_UP,國巨年報顯示AI應用營收占比提高且伺服器需求持續成長,https://yageogroup.com/content/Resource%20Library/Financial/Yageo%202025%20Annual%20Report_c.pdf,yageo_ir,1,UP,Passive Components,2026-05-08,2026-05-08,2026-10-02,VERIFIED
2026-07-23,2327,CAPACITY_TIGHTNESS,獨立產業報導確認AI伺服器高階MLCC需求增長並出現供給吃緊,https://finance.technews.tw/2026/07/23/ai-mlcc/,technews_industry,2,UP,Passive Components,2026-07-23,2026-07-23,2026-10-02,VERIFIED
2026-04-30,2344,GUIDANCE_UP,華邦電官方法說指出AI需求排擠非AI產能且記憶體需求與價格轉強,https://www.winbond.com/export/sites/winbond/about-winbond/investor/investor-conference/1Q26-investor-conference_EN_Final.pdf,winbond_ir,1,UP,Memory,2026-04-30,2026-04-30,2026-10-02,VERIFIED
2026-09-07,2344,CAPACITY_TIGHTNESS,獨立產業研究確認DRAM供不應求且華邦電成熟型DRAM營收顯著成長,https://www.trendforce.com/presscenter/news/20260907-13219.html,trendforce_research,2,UP,Memory,2026-09-07,2026-09-07,2026-10-02,VERIFIED
2026-05-26,3711,CAPEX_UP,日月光官方宣布推進面板級先進封裝以因應AI與高效能運算需求,https://www.aseglobal.com/press-room/310x310/,ase_ir,1,UP,Advanced Packaging,2026-05-26,2026-05-26,2026-10-02,VERIFIED
2026-07-31,3711,CAPEX_UP,獨立產業研究確認日月光再度上調資本支出並擴大先進封裝營收目標,https://www.trendforce.com/news/2026/07/31/news-ase-again-raises-2026-capex-to-record-us10-5b-eyes-2x-leading-edge-advanced-packaging-revenue-by-2027/,trendforce_research,2,UP,Advanced Packaging,2026-07-31,2026-07-31,2026-10-02,VERIFIED
2026-03-24,2308,MASS_PRODUCTION,台達電官方資料顯示3MW液冷CDU已出貨AI資料中心並提供高密度電源散熱方案,https://www.deltaww.com/en-US/products/data-center?trk=article-ssr-frontend-pulse_little-text-block,delta_ir,1,UP,Power / Cooling,2026-03-24,2026-03-24,2026-10-02,VERIFIED
2026-05-28,2308,CAPACITY_TIGHTNESS,獨立產業研究確認CSP擴建AI資料中心推升台達電電源與液冷需求,https://www.trendforce.com/research/download/RP260528DS,trendforce_research,2,UP,Power / Cooling,2026-05-28,2026-05-28,2026-10-02,VERIFIED
2026-05-27,3081,MASS_PRODUCTION,聯亞公開股東會資料顯示800G與1.6T矽光產品放量且公司持續投入擴產與研發,https://doc.twse.com.tw/pdf/2025_3081_20260527F04_20260714_045320.pdf,mops_company_filing,1,UP,Optical Interconnect,2026-05-27,2026-05-27,2026-10-02,VERIFIED
2026-02-03,3081,CAPACITY_TIGHTNESS,獨立產業報導確認800G與1.6T導入加速且CW Laser供需持續吃緊,https://www.moneydj.com/kmdj/news/newsviewer.aspx?a=cef30e33-e97c-4fd5-8505-145ffde6a40c,moneydj_industry,2,UP,Optical Interconnect,2026-02-03,2026-02-03,2026-10-02,VERIFIED
