report_date,symbol,name,sector,score,bucket,bucket_key,rank_in_bucket,selected_for_backtest_pool,close,pullback_quality,chip_cleanliness,technical_setup,liquidity,risk_heat,thesis,risk_reason
2026-10-07,2379,瑞昱,ASIC/IP,75.5,正向條件名單,actionable,1,true,741.00,70.0,80.0,66.0,84.0,52.0,"全市場初篩：成交金額 1,056 百萬元，當日漲跌 -1.9%。",法人籌碼與融資資料尚未完整接入，先列為初篩候選。
2026-10-07,3044,健鼎,PCB/載板,74.7,正向條件名單,actionable,2,true,582.00,70.0,68.0,78.0,84.0,53.0,"全市場初篩：成交金額 1,490 百萬元，當日漲跌 +0.5%。",法人籌碼與融資資料尚未完整接入，先列為初篩候選。
2026-10-07,4958,臻鼎-KY,PCB/載板,73.8,觀察名單,watch,1,false,595.00,62.0,88.0,78.0,100.0,53.0,"全市場初篩：成交金額 20,861 百萬元，當日漲跌 +3.7%。",法人籌碼與融資資料尚未完整接入，先列為初篩候選。
2026-10-07,3661,世芯-KY,ASIC/IP,73.8,正向條件名單,actionable,3,true,4190.00,70.0,88.0,66.0,100.0,45.0,"全市場初篩：成交金額 14,896 百萬元，當日漲跌 +0.2%。",法人籌碼與融資資料尚未完整接入，先列為初篩候選。
2026-10-07,3090,日電貿,被動元件,73.2,觀察名單,watch,2,false,174.00,70.0,64.0,78.0,92.0,60.0,"全市場初篩：成交金額 2,434 百萬元，當日漲跌 +0.6%。",法人籌碼與融資資料尚未完整接入，先列為初篩候選。
2026-10-07,5439,高技,PCB/載板,71.3,觀察名單,watch,3,false,262.00,70.0,64.0,66.0,72.0,45.0,全市場初篩：成交金額 499 百萬元，當日漲跌 -0.9%。,法人籌碼與融資資料尚未完整接入，先列為初篩候選。
2026-10-07,2383,台光電,PCB/載板,71.2,觀察名單,watch,4,false,5950.00,70.0,88.0,66.0,100.0,45.0,"全市場初篩：成交金額 18,188 百萬元，當日漲跌 -0.8%。",法人籌碼與融資資料尚未完整接入，先列為初篩候選。
2026-10-07,2368,金像電,PCB/載板,70.1,觀察名單,watch,5,false,1245.00,58.0,68.0,64.0,91.0,45.0,AI 伺服器 PCB 長線邏輯佳,估值與融資熱度偏高，風險條件較多
2026-10-07,6213,聯茂,PCB/載板,69.7,觀察名單,watch,6,false,796.00,70.0,88.0,78.0,100.0,53.0,"全市場初篩：成交金額 12,694 百萬元，當日漲跌 +1.1%。",法人籌碼與融資資料尚未完整接入，先列為初篩候選。
2026-10-07,3357,臺慶科,被動元件,69.5,觀察名單,watch,7,false,225.00,62.0,60.0,78.0,72.0,60.0,全市場初篩：成交金額 608 百萬元，當日漲跌 +1.8%。,法人籌碼與融資資料尚未完整接入，先列為初篩候選。
2026-10-07,2313,華通,PCB/載板,69.4,觀察名單,watch,8,false,246.00,52.0,84.0,45.0,100.0,45.0,"全市場初篩：成交金額 15,317 百萬元，當日漲跌 -2.4%。",法人籌碼與融資資料尚未完整接入，先列為初篩候選。
2026-10-07,8358,金居,PCB/載板,68.4,觀察名單,watch,9,false,549.00,70.0,68.0,66.0,100.0,45.0,"全市場初篩：成交金額 11,016 百萬元，當日漲跌 -0.4%。",法人籌碼與融資資料尚未完整接入，先列為初篩候選。
2026-10-07,1815,富喬,PCB/載板,68.1,觀察名單,watch,10,false,132.50,44.0,60.0,78.0,100.0,60.0,"全市場初篩：成交金額 13,852 百萬元，當日漲跌 +4.3%。",法人籌碼與融資資料尚未完整接入，先列為初篩候選。
2026-10-07,2327,國巨,被動元件,67.6,觀察名單,watch,11,false,647.00,76.0,80.0,69.0,99.0,52.0,被動元件龍頭，估值與籌碼條件相對穩定,題材資金強度仍需放大
2026-10-07,2472,立隆電,被動元件,65.7,觀察名單,watch,12,false,243.50,44.0,68.0,62.0,92.0,45.0,"全市場初篩：成交金額 2,292 百萬元，當日漲跌 +6.8%。",法人籌碼與融資資料尚未完整接入，先列為初篩候選。
2026-10-07,3037,欣興,PCB/載板,65.0,觀察名單,watch,13,false,1305.00,72.0,68.0,75.0,98.0,45.0,ABF 與 AI 載板需求提供中期支撐,若量能異常，風險條件增加
2026-10-07,3189,景碩,PCB/載板,64.8,觀察名單,watch,14,false,1100.00,62.0,88.0,78.0,100.0,53.0,"全市場初篩：成交金額 14,705 百萬元，當日漲跌 +2.8%。",法人籌碼與融資資料尚未完整接入，先列為初篩候選。
2026-10-07,2454,聯發科,ASIC/IP,64.7,觀察名單,watch,15,false,4835.00,70.0,56.0,66.0,100.0,45.0,"全市場初篩：成交金額 37,508 百萬元，當日漲跌 -1.7%。",法人籌碼與融資資料尚未完整接入，先列為初篩候選。
2026-10-07,3035,智原,ASIC/IP,64.0,觀察名單,watch,16,false,209.00,70.0,68.0,66.0,72.0,45.0,全市場初篩：成交金額 657 百萬元，當日漲跌 -0.7%。,法人籌碼與融資資料尚未完整接入，先列為初篩候選。
2026-10-07,2316,楠梓電,PCB/載板,62.9,觀察名單,watch,17,false,179.00,62.0,38.0,78.0,84.0,69.0,"全市場初篩：成交金額 1,151 百萬元，當日漲跌 +2.6%。",法人籌碼與融資資料尚未完整接入，先列為初篩候選。
2026-10-07,8043,蜜望實,被動元件,61.2,觀察名單,watch,18,false,145.00,44.0,56.0,78.0,84.0,53.0,"全市場初篩：成交金額 1,134 百萬元，當日漲跌 +4.7%。",法人籌碼與融資資料尚未完整接入，先列為初篩候選。
2026-10-07,2375,凱美,被動元件,60.0,觀察名單,watch,19,false,129.50,62.0,38.0,78.0,92.0,69.0,"全市場初篩：成交金額 1,647 百萬元，當日漲跌 +3.2%。",法人籌碼與融資資料尚未完整接入，先列為初篩候選。
2026-10-07,6127,九豪,被動元件,59.8,觀察名單,watch,20,false,58.30,62.0,60.0,78.0,72.0,53.0,全市場初篩：成交金額 719 百萬元，當日漲跌 +2.6%。,本益比、法人籌碼與融資資料尚未接入全市場資料源，先列為初篩候選。
2026-10-07,6274,台燿,PCB/載板,59.0,觀察名單,watch,21,false,1720.00,70.0,38.0,66.0,100.0,61.0,"全市場初篩：成交金額 20,381 百萬元，當日漲跌 -2.0%。",法人籌碼與融資資料尚未完整接入，先列為初篩候選。
2026-10-07,3529,力旺,ASIC/IP,56.5,風險條件名單,excluded,1,false,3015.00,52.0,68.0,45.0,92.0,45.0,"全市場初篩：成交金額 2,472 百萬元，當日漲跌 -3.2%。",法人籌碼與融資資料尚未完整接入，先列為初篩候選。
2026-10-07,6531,愛普*,ASIC/IP,55.2,風險條件名單,excluded,2,false,1000.00,52.0,50.0,45.0,100.0,61.0,"全市場初篩：成交金額 3,535 百萬元，當日漲跌 -4.3%。",法人籌碼與融資資料尚未完整接入，先列為初篩候選。
2026-10-07,2367,燿華,PCB/載板,54.6,風險條件名單,excluded,3,false,47.20,70.0,38.0,66.0,72.0,61.0,全市場初篩：成交金額 766 百萬元，當日漲跌 -0.9%。,本益比、法人籌碼與融資資料尚未接入全市場資料源，先列為初篩候選。
2026-10-07,3624,光頡,被動元件,54.2,風險條件名單,excluded,4,false,159.50,44.0,68.0,40.0,100.0,45.0,"全市場初篩：成交金額 4,684 百萬元，當日漲跌 +10.0%。",法人籌碼與融資資料尚未完整接入，先列為初篩候選。
2026-10-07,8046,南電,PCB/載板,53.6,風險條件名單,excluded,5,false,1480.00,70.0,88.0,71.0,82.0,45.0,載板修復與 AI 題材並行,融資增加需持續觀察
2026-10-07,5274,信驊,ASIC/IP,53.4,風險條件名單,excluded,6,false,17750.00,52.0,60.0,45.0,100.0,45.0,"全市場初篩：成交金額 6,624 百萬元，當日漲跌 -6.5%。",法人籌碼與融資資料尚未完整接入，先列為初篩候選。
2026-10-07,3443,創意,ASIC/IP,49.8,風險條件名單,excluded,7,false,8460.00,70.0,68.0,78.0,100.0,53.0,"全市場初篩：成交金額 13,497 百萬元，當日漲跌 +1.0%。",法人籌碼與融資資料尚未完整接入，先列為初篩候選。
2026-10-07,2492,華新科,被動元件,49.6,風險條件名單,excluded,8,false,428.00,69.0,84.0,66.0,72.0,45.0,若被動元件補漲，具持續觀察價值,營收動能尚未完全確認
2026-10-07,3026,禾伸堂,被動元件,41.4,風險條件名單,excluded,9,false,839.00,44.0,64.0,62.0,100.0,45.0,"全市場初篩：成交金額 13,148 百萬元，當日漲跌 +5.4%。",法人籌碼與融資資料尚未完整接入，先列為初篩候選。
2026-10-07,3236,千如,被動元件,39.8,風險條件名單,excluded,10,false,56.20,44.0,60.0,62.0,84.0,45.0,"全市場初篩：成交金額 1,320 百萬元，當日漲跌 +6.8%。",法人籌碼與融資資料尚未完整接入，先列為初篩候選。
