ticker,fiscal_year,source_data_date,eps_90d,eps_60d,eps_30d,eps_current,revision_30d,revision_90d,source_url,available_at,retrieved_at,basis,status
2303,2026,2026-10-02,4.61,4.68,6.77,6.98,0.0310192023634,0.51409978308,https://toalpha.tw/stock/2303,2026-10-02,2026-10-04,SOURCE_REPORTED_OFFSETS,SUPPLEMENTAL_NOT_TOTAL_SCORE
2308,2026,2026-10-02,41.55,40.77,40.7,40.61,-0.0022113022113,-0.022623345367,https://toalpha.tw/stock/2308,2026-10-02,2026-10-04,SOURCE_REPORTED_OFFSETS,SUPPLEMENTAL_NOT_TOTAL_SCORE
2327,2026,2026-10-02,17.91,18.95,19.44,19.73,0.0149176954733,0.101619207147,https://toalpha.tw/stock/2327,2026-10-02,2026-10-04,SOURCE_REPORTED_OFFSETS,SUPPLEMENTAL_NOT_TOTAL_SCORE
2330,2026,2026-10-02,98.35,107.27,107.64,107.82,0.00167224080268,0.0962887646162,https://toalpha.tw/stock/2330,2026-10-02,2026-10-04,SOURCE_REPORTED_OFFSETS,SUPPLEMENTAL_NOT_TOTAL_SCORE
2344,2026,2026-10-02,18.66,20.51,22.18,25.41,0.145626690712,0.361736334405,https://toalpha.tw/stock/2344,2026-10-02,2026-10-04,SOURCE_REPORTED_OFFSETS,SUPPLEMENTAL_NOT_TOTAL_SCORE
2376,2026,2026-10-02,29.29,30.26,30.26,33.86,0.118968935889,0.156025947422,https://toalpha.tw/stock/2376,2026-10-02,2026-10-04,SOURCE_REPORTED_OFFSETS,SUPPLEMENTAL_NOT_TOTAL_SCORE
2379,2026,2026-10-02,34.34,31.38,32.44,33.36,0.0283600493218,-0.0285381479324,https://toalpha.tw/stock/2379,2026-10-02,2026-10-04,SOURCE_REPORTED_OFFSETS,SUPPLEMENTAL_NOT_TOTAL_SCORE
2408,2026,2026-10-02,47.02,61.28,65.04,67.64,0.039975399754,0.438536792854,https://toalpha.tw/stock/2408,2026-10-02,2026-10-04,SOURCE_REPORTED_OFFSETS,SUPPLEMENTAL_NOT_TOTAL_SCORE
2454,2026,2026-10-02,66.22,65.97,68.31,68.03,-0.0040989606207,0.0273331319843,https://toalpha.tw/stock/2454,2026-10-02,2026-10-04,SOURCE_REPORTED_OFFSETS,SUPPLEMENTAL_NOT_TOTAL_SCORE
3037,2026,2026-10-02,14.91,15.96,21.31,20.52,-0.0370717972783,0.376257545272,https://toalpha.tw/stock/3037,2026-10-02,2026-10-04,SOURCE_REPORTED_OFFSETS,SUPPLEMENTAL_NOT_TOTAL_SCORE
3081,2026,2026-10-02,16.52,16.75,19.76,19.76,0,0.19612590799,https://toalpha.tw/stock/3081,2026-10-02,2026-10-04,SOURCE_REPORTED_OFFSETS,SUPPLEMENTAL_NOT_TOTAL_SCORE
3363,2026,2026-10-02,0.7,0.7,0.22,0.21,-0.0454545454545,-0.7,https://toalpha.tw/stock/3363,2026-10-02,2026-10-04,SOURCE_REPORTED_OFFSETS,SUPPLEMENTAL_NOT_TOTAL_SCORE
3711,2026,2026-10-02,16.99,17.17,18.6,18.57,-0.00161290322581,0.0929958799294,https://toalpha.tw/stock/3711,2026-10-02,2026-10-04,SOURCE_REPORTED_OFFSETS,SUPPLEMENTAL_NOT_TOTAL_SCORE
6488,2026,2026-10-02,20.45,20.01,21.08,21.07,-0.000474383301708,0.0303178484108,https://toalpha.tw/stock/6488,2026-10-02,2026-10-04,SOURCE_REPORTED_OFFSETS,SUPPLEMENTAL_NOT_TOTAL_SCORE
1560,2026,2026-10-05,13.44,13.6,13.93,15.22,0.0926058865757,0.13244047619,https://toalpha.tw/stock/1560,2026-10-05,2026-10-05,SOURCE_REPORTED_OFFSETS,SUPPLEMENTAL_NOT_TOTAL_SCORE
2301,2026,2026-10-05,8.71,8.89,10.72,10.81,0.00839552238806,0.241102181401,https://toalpha.tw/stock/2301,2026-10-05,2026-10-05,SOURCE_REPORTED_OFFSETS,SUPPLEMENTAL_NOT_TOTAL_SCORE
2308,2026,2026-10-05,41.55,40.77,40.7,40.61,-0.0022113022113,-0.022623345367,https://toalpha.tw/stock/2308,2026-10-05,2026-10-06,SOURCE_REPORTED_OFFSETS,SUPPLEMENTAL_NOT_TOTAL_SCORE
2317,2026,2026-10-05,17.58,17.53,18.59,18.58,-0.000537923614847,0.0568828213879,https://toalpha.tw/stock/2317,2026-10-05,2026-10-05,SOURCE_REPORTED_OFFSETS,SUPPLEMENTAL_NOT_TOTAL_SCORE
2327,2026,2026-10-05,17.91,18.95,19.44,19.73,0.0149176954733,0.101619207147,https://toalpha.tw/stock/2327,2026-10-05,2026-10-06,SOURCE_REPORTED_OFFSETS,SUPPLEMENTAL_NOT_TOTAL_SCORE
2330,2026,2026-10-05,98.35,107.27,107.64,107.82,0.00167224080268,0.0962887646162,https://toalpha.tw/stock/2330,2026-10-05,2026-10-06,SOURCE_REPORTED_OFFSETS,SUPPLEMENTAL_NOT_TOTAL_SCORE
2337,2026,2026-10-05,14.87,14.87,15.23,19.61,0.287590282337,0.31876260928,https://toalpha.tw/stock/2337,2026-10-05,2026-10-05,SOURCE_REPORTED_OFFSETS,SUPPLEMENTAL_NOT_TOTAL_SCORE
2344,2026,2026-10-05,18.66,20.51,22.18,25.41,0.145626690712,0.361736334405,https://toalpha.tw/stock/2344,2026-10-05,2026-10-06,SOURCE_REPORTED_OFFSETS,SUPPLEMENTAL_NOT_TOTAL_SCORE
2345,2026,2026-10-05,80.61,83.56,85.62,85.12,-0.00583975706611,0.0559483934996,https://toalpha.tw/stock/2345,2026-10-05,2026-10-05,SOURCE_REPORTED_OFFSETS,SUPPLEMENTAL_NOT_TOTAL_SCORE
2356,2026,2026-10-05,3.12,3.14,3.12,3.41,0.0929487179487,0.0929487179487,https://toalpha.tw/stock/2356,2026-10-05,2026-10-05,SOURCE_REPORTED_OFFSETS,SUPPLEMENTAL_NOT_TOTAL_SCORE
2368,2026,2026-10-05,37.2,37.2,41.45,39.49,-0.0472858866104,0.0615591397849,https://toalpha.tw/stock/2368,2026-10-05,2026-10-05,SOURCE_REPORTED_OFFSETS,SUPPLEMENTAL_NOT_TOTAL_SCORE
2376,2026,2026-10-05,29.29,30.26,30.26,33.86,0.118968935889,0.156025947422,https://toalpha.tw/stock/2376,2026-10-05,2026-10-06,SOURCE_REPORTED_OFFSETS,SUPPLEMENTAL_NOT_TOTAL_SCORE
2379,2026,2026-10-05,34.34,31.38,32.44,33.36,0.0283600493218,-0.0285381479324,https://toalpha.tw/stock/2379,2026-10-05,2026-10-06,SOURCE_REPORTED_OFFSETS,SUPPLEMENTAL_NOT_TOTAL_SCORE
2382,2026,2026-10-05,23.5,23.56,23.57,26.64,0.130250318201,0.133617021277,https://toalpha.tw/stock/2382,2026-10-05,2026-10-05,SOURCE_REPORTED_OFFSETS,SUPPLEMENTAL_NOT_TOTAL_SCORE
2383,2026,2026-10-05,91.15,98.15,115.1,116.39,0.0112076455256,0.276906198574,https://toalpha.tw/stock/2383,2026-10-05,2026-10-05,SOURCE_REPORTED_OFFSETS,SUPPLEMENTAL_NOT_TOTAL_SCORE
2408,2026,2026-10-05,47.02,61.28,65.04,67.64,0.039975399754,0.438536792854,https://toalpha.tw/stock/2408,2026-10-05,2026-10-06,SOURCE_REPORTED_OFFSETS,SUPPLEMENTAL_NOT_TOTAL_SCORE
2449,2026,2026-10-05,9.33,9.2,9.15,8.99,-0.0174863387978,-0.0364415862808,https://toalpha.tw/stock/2449,2026-10-05,2026-10-05,SOURCE_REPORTED_OFFSETS,SUPPLEMENTAL_NOT_TOTAL_SCORE
2454,2026,2026-10-05,66.22,65.97,68.31,68.03,-0.0040989606207,0.0273331319843,https://toalpha.tw/stock/2454,2026-10-05,2026-10-06,SOURCE_REPORTED_OFFSETS,SUPPLEMENTAL_NOT_TOTAL_SCORE
3017,2026,2026-10-05,93.6,94.84,98.84,102.86,0.0406717927964,0.0989316239316,https://toalpha.tw/stock/3017,2026-10-05,2026-10-05,SOURCE_REPORTED_OFFSETS,SUPPLEMENTAL_NOT_TOTAL_SCORE
3035,2026,2026-10-05,3.69,3.69,3.69,3.2,-0.132791327913,-0.132791327913,https://toalpha.tw/stock/3035,2026-10-05,2026-10-05,SOURCE_REPORTED_OFFSETS,SUPPLEMENTAL_NOT_TOTAL_SCORE
3037,2026,2026-10-05,14.91,15.96,21.31,20.52,-0.0370717972783,0.376257545272,https://toalpha.tw/stock/3037,2026-10-05,2026-10-06,SOURCE_REPORTED_OFFSETS,SUPPLEMENTAL_NOT_TOTAL_SCORE
3131,2026,2026-10-05,65.16,66.2,66.73,67.8,0.0160347669714,0.0405156537753,https://toalpha.tw/stock/3131,2026-10-05,2026-10-05,SOURCE_REPORTED_OFFSETS,SUPPLEMENTAL_NOT_TOTAL_SCORE
3189,2026,2026-10-05,9.91,10.45,10.74,10.42,-0.0297951582868,0.0514631685166,https://toalpha.tw/stock/3189,2026-10-05,2026-10-05,SOURCE_REPORTED_OFFSETS,SUPPLEMENTAL_NOT_TOTAL_SCORE
3231,2026,2026-10-05,13.86,13.65,16.23,17.09,0.052988293284,0.233044733045,https://toalpha.tw/stock/3231,2026-10-05,2026-10-05,SOURCE_REPORTED_OFFSETS,SUPPLEMENTAL_NOT_TOTAL_SCORE
3260,2026,2026-10-05,63.2,63.2,105.97,105.24,-0.00688874209682,0.665189873418,https://toalpha.tw/stock/3260,2026-10-05,2026-10-05,SOURCE_REPORTED_OFFSETS,SUPPLEMENTAL_NOT_TOTAL_SCORE
3324,2026,2026-10-05,57.03,56.78,55.79,55.94,0.00268865388062,-0.0191127476767,https://toalpha.tw/stock/3324,2026-10-05,2026-10-05,SOURCE_REPORTED_OFFSETS,SUPPLEMENTAL_NOT_TOTAL_SCORE
3363,2026,2026-10-05,0.7,0.7,0.22,0.21,-0.0454545454545,-0.7,https://toalpha.tw/stock/3363,2026-10-05,2026-10-06,SOURCE_REPORTED_OFFSETS,SUPPLEMENTAL_NOT_TOTAL_SCORE
3443,2026,2026-10-05,47.76,47.19,51.63,51.73,0.00193685841565,0.0831239530988,https://toalpha.tw/stock/3443,2026-10-05,2026-10-05,SOURCE_REPORTED_OFFSETS,SUPPLEMENTAL_NOT_TOTAL_SCORE
3583,2026,2026-10-05,20.62,20.69,20.69,20.94,0.0120831319478,0.015518913676,https://toalpha.tw/stock/3583,2026-10-05,2026-10-05,SOURCE_REPORTED_OFFSETS,SUPPLEMENTAL_NOT_TOTAL_SCORE
3653,2026,2026-10-05,57.31,57.86,67.9,68.51,0.00898379970545,0.195428372012,https://toalpha.tw/stock/3653,2026-10-05,2026-10-05,SOURCE_REPORTED_OFFSETS,SUPPLEMENTAL_NOT_TOTAL_SCORE
3661,2026,2026-10-05,134.86,135.15,135.15,145.36,0.0755456899741,0.0778585199466,https://toalpha.tw/stock/3661,2026-10-05,2026-10-05,SOURCE_REPORTED_OFFSETS,SUPPLEMENTAL_NOT_TOTAL_SCORE
3711,2026,2026-10-05,16.99,17.17,18.6,18.57,-0.00161290322581,0.0929958799294,https://toalpha.tw/stock/3711,2026-10-05,2026-10-06,SOURCE_REPORTED_OFFSETS,SUPPLEMENTAL_NOT_TOTAL_SCORE
4979,2026,2026-10-05,8.58,7,7,7.39,0.0557142857143,-0.138694638695,https://toalpha.tw/stock/4979,2026-10-05,2026-10-05,SOURCE_REPORTED_OFFSETS,SUPPLEMENTAL_NOT_TOTAL_SCORE
6187,2026,2026-10-05,24.94,26.36,26.8,28.3,0.0559701492537,0.134723336006,https://toalpha.tw/stock/6187,2026-10-05,2026-10-05,SOURCE_REPORTED_OFFSETS,SUPPLEMENTAL_NOT_TOTAL_SCORE
6223,2026,2026-10-05,62.17,63.45,63.77,65.6,0.0286968794104,0.0551713044877,https://toalpha.tw/stock/6223,2026-10-05,2026-10-05,SOURCE_REPORTED_OFFSETS,SUPPLEMENTAL_NOT_TOTAL_SCORE
6274,2026,2026-10-05,33.42,34.33,36.69,37.09,0.0109021531753,0.109814482346,https://toalpha.tw/stock/6274,2026-10-05,2026-10-05,SOURCE_REPORTED_OFFSETS,SUPPLEMENTAL_NOT_TOTAL_SCORE
6412,2026,2026-10-05,6.05,5.74,5.86,5.58,-0.0477815699659,-0.0776859504132,https://toalpha.tw/stock/6412,2026-10-05,2026-10-05,SOURCE_REPORTED_OFFSETS,SUPPLEMENTAL_NOT_TOTAL_SCORE
6488,2026,2026-10-05,20.45,20.01,21.08,21.07,-0.000474383301708,0.0303178484108,https://toalpha.tw/stock/6488,2026-10-05,2026-10-06,SOURCE_REPORTED_OFFSETS,SUPPLEMENTAL_NOT_TOTAL_SCORE
6669,2026,2026-10-05,114.83,115.98,121.33,120.34,-0.00815956482321,0.0479839763128,https://toalpha.tw/stock/6669,2026-10-05,2026-10-05,SOURCE_REPORTED_OFFSETS,SUPPLEMENTAL_NOT_TOTAL_SCORE
6781,2026,2026-10-05,47.04,47.08,46.71,48.35,0.0351102547634,0.0278486394558,https://toalpha.tw/stock/6781,2026-10-05,2026-10-05,SOURCE_REPORTED_OFFSETS,SUPPLEMENTAL_NOT_TOTAL_SCORE
8299,2026,2026-10-05,282.68,296.38,301.29,359.02,0.191609412858,0.270058016131,https://toalpha.tw/stock/8299,2026-10-05,2026-10-05,SOURCE_REPORTED_OFFSETS,SUPPLEMENTAL_NOT_TOTAL_SCORE
1560,2026,2026-10-06,13.44,13.6,13.93,15.22,0.0926058865757,0.13244047619,https://toalpha.tw/stock/1560,2026-10-06,2026-10-07,SOURCE_REPORTED_OFFSETS,SUPPLEMENTAL_NOT_TOTAL_SCORE
2301,2026,2026-10-06,8.71,8.89,10.72,10.81,0.00839552238806,0.241102181401,https://toalpha.tw/stock/2301,2026-10-06,2026-10-07,SOURCE_REPORTED_OFFSETS,SUPPLEMENTAL_NOT_TOTAL_SCORE
2303,2026,2026-10-06,4.61,4.68,6.77,6.98,0.0310192023634,0.51409978308,https://toalpha.tw/stock/2303,2026-10-06,2026-10-07,SOURCE_REPORTED_OFFSETS,SUPPLEMENTAL_NOT_TOTAL_SCORE
2308,2026,2026-10-06,41.55,40.77,40.7,40.61,-0.0022113022113,-0.022623345367,https://toalpha.tw/stock/2308,2026-10-06,2026-10-07,SOURCE_REPORTED_OFFSETS,SUPPLEMENTAL_NOT_TOTAL_SCORE
2317,2026,2026-10-06,17.58,17.53,18.59,18.58,-0.000537923614847,0.0568828213879,https://toalpha.tw/stock/2317,2026-10-06,2026-10-07,SOURCE_REPORTED_OFFSETS,SUPPLEMENTAL_NOT_TOTAL_SCORE
2327,2026,2026-10-06,17.91,18.95,19.44,19.73,0.0149176954733,0.101619207147,https://toalpha.tw/stock/2327,2026-10-06,2026-10-07,SOURCE_REPORTED_OFFSETS,SUPPLEMENTAL_NOT_TOTAL_SCORE
2330,2026,2026-10-06,98.35,107.27,107.64,107.82,0.00167224080268,0.0962887646162,https://toalpha.tw/stock/2330,2026-10-06,2026-10-07,SOURCE_REPORTED_OFFSETS,SUPPLEMENTAL_NOT_TOTAL_SCORE
2337,2026,2026-10-06,14.87,14.87,15.23,19.61,0.287590282337,0.31876260928,https://toalpha.tw/stock/2337,2026-10-06,2026-10-07,SOURCE_REPORTED_OFFSETS,SUPPLEMENTAL_NOT_TOTAL_SCORE
2344,2026,2026-10-06,18.66,20.51,22.18,25.41,0.145626690712,0.361736334405,https://toalpha.tw/stock/2344,2026-10-06,2026-10-07,SOURCE_REPORTED_OFFSETS,SUPPLEMENTAL_NOT_TOTAL_SCORE
2345,2026,2026-10-06,80.61,83.56,85.62,85.12,-0.00583975706611,0.0559483934996,https://toalpha.tw/stock/2345,2026-10-06,2026-10-07,SOURCE_REPORTED_OFFSETS,SUPPLEMENTAL_NOT_TOTAL_SCORE
2356,2026,2026-10-06,3.12,3.14,3.12,3.41,0.0929487179487,0.0929487179487,https://toalpha.tw/stock/2356,2026-10-06,2026-10-07,SOURCE_REPORTED_OFFSETS,SUPPLEMENTAL_NOT_TOTAL_SCORE
2368,2026,2026-10-06,37.2,37.2,41.45,39.49,-0.0472858866104,0.0615591397849,https://toalpha.tw/stock/2368,2026-10-06,2026-10-07,SOURCE_REPORTED_OFFSETS,SUPPLEMENTAL_NOT_TOTAL_SCORE
2376,2026,2026-10-06,29.29,30.26,30.26,33.86,0.118968935889,0.156025947422,https://toalpha.tw/stock/2376,2026-10-06,2026-10-07,SOURCE_REPORTED_OFFSETS,SUPPLEMENTAL_NOT_TOTAL_SCORE
2379,2026,2026-10-06,34.34,31.38,32.44,33.36,0.0283600493218,-0.0285381479324,https://toalpha.tw/stock/2379,2026-10-06,2026-10-07,SOURCE_REPORTED_OFFSETS,SUPPLEMENTAL_NOT_TOTAL_SCORE
2382,2026,2026-10-06,23.5,23.56,23.57,26.64,0.130250318201,0.133617021277,https://toalpha.tw/stock/2382,2026-10-06,2026-10-07,SOURCE_REPORTED_OFFSETS,SUPPLEMENTAL_NOT_TOTAL_SCORE
2383,2026,2026-10-06,91.15,98.15,115.1,116.39,0.0112076455256,0.276906198574,https://toalpha.tw/stock/2383,2026-10-06,2026-10-07,SOURCE_REPORTED_OFFSETS,SUPPLEMENTAL_NOT_TOTAL_SCORE
2408,2026,2026-10-06,47.02,61.28,65.04,67.64,0.039975399754,0.438536792854,https://toalpha.tw/stock/2408,2026-10-06,2026-10-07,SOURCE_REPORTED_OFFSETS,SUPPLEMENTAL_NOT_TOTAL_SCORE
2449,2026,2026-10-06,9.33,9.2,9.15,8.99,-0.0174863387978,-0.0364415862808,https://toalpha.tw/stock/2449,2026-10-06,2026-10-07,SOURCE_REPORTED_OFFSETS,SUPPLEMENTAL_NOT_TOTAL_SCORE
2454,2026,2026-10-06,66.22,65.97,68.31,68.03,-0.0040989606207,0.0273331319843,https://toalpha.tw/stock/2454,2026-10-06,2026-10-07,SOURCE_REPORTED_OFFSETS,SUPPLEMENTAL_NOT_TOTAL_SCORE
3008,2026,2026-10-06,186.73,186.28,186.08,185.7,-0.00204213241617,-0.00551598564773,https://toalpha.tw/stock/3008,2026-10-06,2026-10-07,SOURCE_REPORTED_OFFSETS,SUPPLEMENTAL_NOT_TOTAL_SCORE
3017,2026,2026-10-06,93.6,94.84,98.84,102.86,0.0406717927964,0.0989316239316,https://toalpha.tw/stock/3017,2026-10-06,2026-10-07,SOURCE_REPORTED_OFFSETS,SUPPLEMENTAL_NOT_TOTAL_SCORE
3035,2026,2026-10-06,3.69,3.69,3.69,3.2,-0.132791327913,-0.132791327913,https://toalpha.tw/stock/3035,2026-10-06,2026-10-07,SOURCE_REPORTED_OFFSETS,SUPPLEMENTAL_NOT_TOTAL_SCORE
3037,2026,2026-10-06,14.91,15.96,21.31,20.52,-0.0370717972783,0.376257545272,https://toalpha.tw/stock/3037,2026-10-06,2026-10-07,SOURCE_REPORTED_OFFSETS,SUPPLEMENTAL_NOT_TOTAL_SCORE
3081,2026,2026-10-06,16.52,16.75,19.76,19.76,0,0.19612590799,https://toalpha.tw/stock/3081,2026-10-06,2026-10-07,SOURCE_REPORTED_OFFSETS,SUPPLEMENTAL_NOT_TOTAL_SCORE
3131,2026,2026-10-06,65.16,66.2,66.73,67.8,0.0160347669714,0.0405156537753,https://toalpha.tw/stock/3131,2026-10-06,2026-10-07,SOURCE_REPORTED_OFFSETS,SUPPLEMENTAL_NOT_TOTAL_SCORE
3189,2026,2026-10-06,9.91,10.45,10.74,10.42,-0.0297951582868,0.0514631685166,https://toalpha.tw/stock/3189,2026-10-06,2026-10-07,SOURCE_REPORTED_OFFSETS,SUPPLEMENTAL_NOT_TOTAL_SCORE
3231,2026,2026-10-06,13.86,13.65,16.23,17.09,0.052988293284,0.233044733045,https://toalpha.tw/stock/3231,2026-10-06,2026-10-07,SOURCE_REPORTED_OFFSETS,SUPPLEMENTAL_NOT_TOTAL_SCORE
3260,2026,2026-10-06,63.2,63.2,105.97,105.24,-0.00688874209682,0.665189873418,https://toalpha.tw/stock/3260,2026-10-06,2026-10-07,SOURCE_REPORTED_OFFSETS,SUPPLEMENTAL_NOT_TOTAL_SCORE
3324,2026,2026-10-06,57.03,56.78,55.79,55.94,0.00268865388062,-0.0191127476767,https://toalpha.tw/stock/3324,2026-10-06,2026-10-07,SOURCE_REPORTED_OFFSETS,SUPPLEMENTAL_NOT_TOTAL_SCORE
3363,2026,2026-10-06,0.7,0.7,0.22,0.21,-0.0454545454545,-0.7,https://toalpha.tw/stock/3363,2026-10-06,2026-10-07,SOURCE_REPORTED_OFFSETS,SUPPLEMENTAL_NOT_TOTAL_SCORE
3406,2026,2026-10-06,34.95,35.57,35.6,38.37,0.077808988764,0.0978540772532,https://toalpha.tw/stock/3406,2026-10-06,2026-10-07,SOURCE_REPORTED_OFFSETS,SUPPLEMENTAL_NOT_TOTAL_SCORE
3443,2026,2026-10-06,47.76,47.19,51.63,51.73,0.00193685841565,0.0831239530988,https://toalpha.tw/stock/3443,2026-10-06,2026-10-07,SOURCE_REPORTED_OFFSETS,SUPPLEMENTAL_NOT_TOTAL_SCORE
3583,2026,2026-10-06,20.62,20.69,20.69,20.94,0.0120831319478,0.015518913676,https://toalpha.tw/stock/3583,2026-10-06,2026-10-07,SOURCE_REPORTED_OFFSETS,SUPPLEMENTAL_NOT_TOTAL_SCORE
3653,2026,2026-10-06,57.31,57.86,67.9,68.51,0.00898379970545,0.195428372012,https://toalpha.tw/stock/3653,2026-10-06,2026-10-07,SOURCE_REPORTED_OFFSETS,SUPPLEMENTAL_NOT_TOTAL_SCORE
3661,2026,2026-10-06,134.86,135.15,135.15,145.36,0.0755456899741,0.0778585199466,https://toalpha.tw/stock/3661,2026-10-06,2026-10-07,SOURCE_REPORTED_OFFSETS,SUPPLEMENTAL_NOT_TOTAL_SCORE
3711,2026,2026-10-06,16.99,17.17,18.6,18.57,-0.00161290322581,0.0929958799294,https://toalpha.tw/stock/3711,2026-10-06,2026-10-07,SOURCE_REPORTED_OFFSETS,SUPPLEMENTAL_NOT_TOTAL_SCORE
4979,2026,2026-10-06,8.58,7,7,7.39,0.0557142857143,-0.138694638695,https://toalpha.tw/stock/4979,2026-10-06,2026-10-07,SOURCE_REPORTED_OFFSETS,SUPPLEMENTAL_NOT_TOTAL_SCORE
6187,2026,2026-10-06,24.94,26.36,26.8,28.3,0.0559701492537,0.134723336006,https://toalpha.tw/stock/6187,2026-10-06,2026-10-07,SOURCE_REPORTED_OFFSETS,SUPPLEMENTAL_NOT_TOTAL_SCORE
6223,2026,2026-10-06,62.17,63.45,63.77,65.6,0.0286968794104,0.0551713044877,https://toalpha.tw/stock/6223,2026-10-06,2026-10-07,SOURCE_REPORTED_OFFSETS,SUPPLEMENTAL_NOT_TOTAL_SCORE
6274,2026,2026-10-06,33.42,34.33,36.69,37.09,0.0109021531753,0.109814482346,https://toalpha.tw/stock/6274,2026-10-06,2026-10-07,SOURCE_REPORTED_OFFSETS,SUPPLEMENTAL_NOT_TOTAL_SCORE
6412,2026,2026-10-06,6.05,5.74,5.86,5.58,-0.0477815699659,-0.0776859504132,https://toalpha.tw/stock/6412,2026-10-06,2026-10-07,SOURCE_REPORTED_OFFSETS,SUPPLEMENTAL_NOT_TOTAL_SCORE
6488,2026,2026-10-06,20.45,20.01,21.08,21.07,-0.000474383301708,0.0303178484108,https://toalpha.tw/stock/6488,2026-10-06,2026-10-07,SOURCE_REPORTED_OFFSETS,SUPPLEMENTAL_NOT_TOTAL_SCORE
6669,2026,2026-10-06,114.83,115.98,121.33,120.34,-0.00815956482321,0.0479839763128,https://toalpha.tw/stock/6669,2026-10-06,2026-10-07,SOURCE_REPORTED_OFFSETS,SUPPLEMENTAL_NOT_TOTAL_SCORE
6781,2026,2026-10-06,47.04,47.08,46.71,48.35,0.0351102547634,0.0278486394558,https://toalpha.tw/stock/6781,2026-10-06,2026-10-07,SOURCE_REPORTED_OFFSETS,SUPPLEMENTAL_NOT_TOTAL_SCORE
8299,2026,2026-10-06,282.68,296.38,301.29,359.02,0.191609412858,0.270058016131,https://toalpha.tw/stock/8299,2026-10-06,2026-10-07,SOURCE_REPORTED_OFFSETS,SUPPLEMENTAL_NOT_TOTAL_SCORE
