ticker,fiscal_year,source_url,source_family,source_tier,available_at,note
2303,2026,https://news.cnyes.com/news/print/6547794,factset_cnyes,2,2026-07-28,FactSet 22位分析師2026 EPS調查；作ToAlpha獨立交叉證據
2303,2026,https://toalpha.tw/stock/2303/estimates,toalpha_consensus,2,2026-10-02,28家共識平均6.45；單一來源，不單獨形成可交易共識
2303,2027,https://www.yuanta.com.tw/eYuanta/Securities/News/GetAPItem?Type=StockHotNews&id=202604300120602,named_foreign_broker_yuanta,2,2026-04-30,外資報告估2027 EPS 4.87
2303,2027,https://toalpha.tw/stock/2303/estimates,toalpha_consensus,2,2026-09-29,25家2027 EPS共識平均6.83
2303,2028,https://news.cnyes.com/news/print/6547794,factset_cnyes,2,2026-07-28,FactSet同篇列示2028 EPS高低平均與中位數
2303,2028,https://toalpha.tw/stock/2303/estimates,toalpha_consensus,2,2026-10-02,15家共識平均8.35；單一來源，不單獨形成可交易共識
2308,2026,https://news.cnyes.com/news/print/6439652,factset_cnyes,2,2026-05-01,FactSet 23位分析師2026 EPS調查；作ToAlpha獨立交叉證據
2308,2026,https://toalpha.tw/stock/2308/estimates,toalpha_consensus,2,2026-10-02,23家共識平均40.54；單一來源，不單獨形成可交易共識
2308,2027,https://scm.sinotrade.com.tw/Article/GetFile/b6690bb5-b7fa-4fa0-9513-f235bba56fc4,sinopac_research,1,2026-04-30,永豐研究2027 EPS 64.07
2308,2027,https://toalpha.tw/stock/2308/valuation,toalpha_consensus,2,2026-09-30,23家共識平均63.96
2308,2028,https://news.cnyes.com/news/print/6439652,factset_cnyes,2,2026-05-01,FactSet同篇列示2028 EPS高低平均與中位數
2308,2028,https://toalpha.tw/stock/2308/estimates,toalpha_consensus,2,2026-10-02,16家共識平均98.92；單一來源，不單獨形成可交易共識
2327,2026,https://news.cnyes.com/news/id/6609352,factset_cnyes,2,2026-09-17,FactSet 16位分析師2026 EPS調查；作ToAlpha獨立交叉證據
2327,2026,https://toalpha.tw/stock/2327/estimates,toalpha_consensus,2,2026-10-02,16家共識平均19.35；單一來源，不單獨形成可交易共識
2327,2027,https://www.scribd.com/document/1038946203/%E5%AF%8C%E9%82%A6-2327-%E5%9C%8B%E5%B7%A8-20260416,fubon_research,2,2026-04-16,富邦研究2027 EPS 19.31
2327,2027,https://toalpha.tw/stock/2327/estimates,toalpha_consensus,2,2026-09-09,16家共識平均31.43
2327,2028,https://news.cnyes.com/news/id/6609352,factset_cnyes,2,2026-09-17,FactSet同篇列示2028 EPS高低平均與中位數
2327,2028,https://toalpha.tw/stock/2327/estimates,toalpha_consensus,2,2026-10-02,9家共識平均46.42；單一來源，不單獨形成可交易共識
2330,2026,https://news.cnyes.com/news/print/6539415,factset_cnyes,2,2026-07-19,FactSet 42位分析師2026 EPS調查；作ToAlpha獨立交叉證據
2330,2026,https://toalpha.tw/stock/2330/estimates,toalpha_consensus,2,2026-10-02,38家共識平均107.74；單一來源，不單獨形成可交易共識
2330,2027,https://www.megasia.com.tw/emegaResearch/openReportPDF.do?id=6903f77ff40000008560,mega_research,1,2026-04-30,兆豐研究2027 EPS 131.6
2330,2027,https://toalpha.tw/stock/2330/eps,toalpha_consensus,2,2026-09-09,35家共識平均142.33
2330,2028,https://news.cnyes.com/news/print/6539415,factset_cnyes,2,2026-07-19,FactSet同篇列示2028 EPS高低平均與中位數
2330,2028,https://toalpha.tw/stock/2330/estimates,toalpha_consensus,2,2026-10-02,23家共識平均181.38；單一來源，不單獨形成可交易共識
2344,2026,https://news.cnyes.com/news/print/6600446,factset_cnyes,2,2026-09-08,FactSet 10位分析師2026 EPS調查；作ToAlpha獨立交叉證據
2344,2026,https://toalpha.tw/stock/2344/estimates,toalpha_consensus,2,2026-10-02,9家共識平均25.50；單一來源，不單獨形成可交易共識
2344,2027,https://hk.finance.yahoo.com/quote/2344.TW/analysis/,lseg_yahoo_consensus,2,2026-09-30,7家共識平均52.28
2344,2027,https://toalpha.tw/stock/2344/valuation,toalpha_consensus,2,2026-09-30,9家共識平均52.01
2344,2028,https://news.cnyes.com/news/print/6600446,factset_cnyes,2,2026-09-08,FactSet同篇列示2028 EPS高低平均與中位數
2344,2028,https://toalpha.tw/stock/2344/estimates,toalpha_consensus,2,2026-10-02,2家共識平均49.65；單一來源，不單獨形成可交易共識
2376,2026,https://news.cnyes.com/news/print/6595138,factset_cnyes,2,2026-09-02,FactSet 12位分析師2026 EPS調查；作ToAlpha獨立交叉證據
2376,2026,https://toalpha.tw/stock/2376/estimates,toalpha_consensus,2,2026-10-02,14家共識平均31.67；單一來源，不單獨形成可交易共識
2376,2027,https://anuenews.cnyes.com/news/id/6609961,factset_cnyes,2,2026-09-18,FactSet 10家2027 EPS平均37.58中位36.20
2376,2027,https://toalpha.tw/stock/2376/estimates,toalpha_consensus,2,2026-10-02,11家共識平均35.64；單一來源，不單獨形成可交易共識
2376,2027,https://www.yuanta.com.tw/eYuanta/Securities/News/GetAPItem?Type=StockTodayNews&id=202608180105303,yuanta_broker_news,2,2026-08-18,券商估2027 EPS 36.20
2376,2028,https://news.cnyes.com/news/print/6595138,factset_cnyes,2,2026-09-02,FactSet同篇列示2028 EPS高低平均與中位數
2376,2028,https://toalpha.tw/stock/2376/estimates,toalpha_consensus,2,2026-10-02,6家共識平均38.97；單一來源，不單獨形成可交易共識
2379,2026,https://news.cnyes.com/news/id/6496604,factset_cnyes,2,2026-06-12,FactSet 18位分析師2026 EPS調查；作ToAlpha獨立交叉證據
2379,2026,https://toalpha.tw/stock/2379/estimates,toalpha_consensus,2,2026-10-02,18家共識平均31.21；單一來源，不單獨形成可交易共識
2379,2027,https://scm.sinotrade.com.tw/Article/GetFile/b6690bb5-b7fa-4fa0-9513-f235bba56fc4,sinopac_research,1,2026-04-30,永豐研究2027 EPS 28.95
2379,2027,https://toalpha.tw/stock/2379,toalpha_consensus,2,2026-09-24,18位分析師2027 EPS共識約37.60
2379,2028,https://news.cnyes.com/news/id/6496604,factset_cnyes,2,2026-06-12,FactSet同篇列示2028 EPS高低平均與中位數
2379,2028,https://toalpha.tw/stock/2379/estimates,toalpha_consensus,2,2026-10-02,7家共識平均46.73；單一來源，不單獨形成可交易共識
2408,2026,https://news.cnyes.com/news/id/6498880,factset_cnyes,2,2026-06-15,FactSet 15位分析師2026 EPS調查；作ToAlpha獨立交叉證據
2408,2026,https://toalpha.tw/stock/2408/estimates,toalpha_consensus,2,2026-10-02,15家共識平均61.63；單一來源，不單獨形成可交易共識
2408,2027,https://gfe-desktop.cnyes.com/news/id/6610540/print,factset_cnyes,2,2026-09-18,FactSet 14位分析師2027 EPS平均102.56中位110.23
2408,2027,https://toalpha.tw/stock/2408/estimates,toalpha_consensus,2,2026-09-09,15家2027 EPS共識平均93.24
2408,2028,https://news.cnyes.com/news/id/6498880,factset_cnyes,2,2026-06-15,FactSet同篇列示2028 EPS高低平均與中位數
2408,2028,https://toalpha.tw/stock/2408/estimates,toalpha_consensus,2,2026-10-02,7家共識平均86.23；單一來源，不單獨形成可交易共識
2454,2026,https://news.cnyes.com/news/print/6557957,factset_cnyes,2,2026-08-04,FactSet 26位分析師2026 EPS調查；作ToAlpha獨立交叉證據
2454,2026,https://toalpha.tw/stock/2454/estimates,toalpha_consensus,2,2026-10-02,29家共識平均68.52；單一來源，不單獨形成可交易共識
2454,2027,https://scm.sinotrade.com.tw/Article/GetFile/b6690bb5-b7fa-4fa0-9513-f235bba56fc4,sinopac_research,1,2026-04-30,永豐研究2027 EPS 112.01
2454,2027,https://toalpha.tw/stock/2454/estimates,toalpha_consensus,2,2026-09-30,27家共識平均141.32
2454,2028,https://news.cnyes.com/news/print/6557957,factset_cnyes,2,2026-08-04,FactSet同篇列示2028 EPS高低平均與中位數
2454,2028,https://toalpha.tw/stock/2454/estimates,toalpha_consensus,2,2026-10-02,18家共識平均265.33；單一來源，不單獨形成可交易共識
3037,2026,https://news.cnyes.com/news/print/6550442,factset_cnyes,2,2026-07-29,FactSet 20位分析師2026 EPS調查；作ToAlpha獨立交叉證據
3037,2026,https://toalpha.tw/stock/3037/estimates,toalpha_consensus,2,2026-10-02,21家共識平均20.33；單一來源，不單獨形成可交易共識
3037,2027,https://gfemobile.cnyes.com/news/id/6530518,factset_cnyes,2,2026-07-10,FactSet 21位分析師2027 EPS平均31.70中位31.21
3037,2027,https://toalpha.tw/stock/3037/estimates,toalpha_consensus,2,2026-09-09,21家2027 EPS共識平均38.79
3037,2028,https://news.cnyes.com/news/print/6550442,factset_cnyes,2,2026-07-29,FactSet同篇列示2028 EPS高低平均與中位數
3037,2028,https://toalpha.tw/stock/3037/estimates,toalpha_consensus,2,2026-10-02,12家共識平均65.76；單一來源，不單獨形成可交易共識
3081,2026,https://money.udn.com/money/amp/story/5607/9459113,named_foreign_broker_udn,2,2026-04-23,美系大行上修2026至2028 EPS為17.6/28.8/50.6
3081,2026,https://toalpha.tw/stock/3081/estimates,toalpha_consensus,2,2026-10-02,12家共識平均19.66；單一來源，不單獨形成可交易共識
3081,2027,https://www.ftnn.com.tw/news/535987,local_broker_ftnn,2,2026-09-23,本土券商估2027 EPS 38.50
3081,2027,https://toalpha.tw/stock/3081/estimates,toalpha_consensus,2,2026-10-01,12家2027 EPS共識平均41.36
3081,2028,https://money.udn.com/money/amp/story/5607/9459113,named_foreign_broker_udn,2,2026-04-23,美系大行上修2026至2028 EPS為17.6/28.8/50.6
3081,2028,https://toalpha.tw/stock/3081/estimates,toalpha_consensus,2,2026-10-02,5家共識平均60.00；單一來源，不單獨形成可交易共識
3363,2026,https://kumoalpha.com/reports/20260317-shangchuan-3363,kumoalpha_public_research,2,2026-03-17,公開研究列示2026 EPS預估0.7至1.2；與ToAlpha差異大僅作交叉證據
3363,2026,https://toalpha.tw/stock/3363/estimates,toalpha_consensus,2,2026-10-02,2家共識平均0.20；單一來源，不單獨形成可交易共識
3363,2027,https://cmnews.com.tw/article/marketwatcher-6f70134c-790b-11f1-b150-f792be6f7f34,cmoney_marketwatcher,3,2026-07-06,獨立公開文章記錄市場對明年EPS預估由2.76元上修至16.77元；僅作第二來源交叉驗證，不取代ToAlpha共識平均
3363,2027,https://toalpha.tw/stock/3363/eps,toalpha_consensus,2,2026-09-09,2位分析師2027 EPS共識平均16.93；作為主要共識數值來源
3363,2028,https://toalpha.tw/stock/3363/estimates,toalpha_consensus,2,2026-10-02,2家共識平均48.74；單一來源，不單獨形成可交易共識
3711,2026,https://news.cnyes.com/news/id/6598375,factset_cnyes,2,2026-09-05,FactSet 18位分析師2026 EPS調查；作ToAlpha獨立交叉證據
3711,2026,https://toalpha.tw/stock/3711/estimates,toalpha_consensus,2,2026-10-02,20家共識平均18.44；單一來源，不單獨形成可交易共識
3711,2027,https://cmnews.com.tw/article/zhouzhehan-b6085f47-adf2-11f1-bc62-9ecdb6d924a0,cmoney_named_brokers,2,2026-09-16,公開多券商整理與2027共識27.85
3711,2027,https://toalpha.tw/stock/3711/statements,toalpha_consensus,2,2026-09-09,21家共識平均27.79
3711,2028,https://news.cnyes.com/news/id/6598375,factset_cnyes,2,2026-09-05,FactSet同篇列示2028 EPS高低平均與中位數
3711,2028,https://toalpha.tw/stock/3711/estimates,toalpha_consensus,2,2026-10-02,11家共識平均37.21；單一來源，不單獨形成可交易共識
6488,2026,https://news.cnyes.com/news/print/6569216,factset_cnyes,2,2026-08-10,FactSet 11位分析師2026 EPS調查；作ToAlpha獨立交叉證據
6488,2026,https://toalpha.tw/stock/6488/estimates,toalpha_consensus,2,2026-10-02,16家共識平均21.42；單一來源，不單獨形成可交易共識
6488,2027,https://www.cnyes.com/twstock/6488/research/finirating,factset_cnyes,2,2026-09-30,FactSet 2027 EPS共識中位數33.22
6488,2027,https://toalpha.tw/stock/6488/estimates,toalpha_consensus,2,2026-09-09,16家2027 EPS共識平均32.70
6488,2028,https://news.cnyes.com/news/print/6569216,factset_cnyes,2,2026-08-10,FactSet同篇列示2028 EPS高低平均與中位數
6488,2028,https://toalpha.tw/stock/6488/estimates,toalpha_consensus,2,2026-10-02,9家共識平均52.84；單一來源，不單獨形成可交易共識
